name,description,WKT


"пер. (Тукукуту)","<table class=""westra_passes""><tr><th colspan='2'><h2><font color='#cc0000'>пер. (Тукукуту)</font></h2></th></tr><tr><th>Категория сложности</th><td>1А-1Б</td></tr><tr><th>Высота</th><td>0</td></tr><tr><th>Характер склонов</th><td></td></tr><tr><th>Соединяет</th><td></td></tr><tr><th>Координаты WGS84</th><td>41&deg;&nbsp;53'&nbsp;10'' N<br />47&deg;&nbsp;10'&nbsp;25.93'' E</td></tr><tr><th>Описаний</th><td>1 с фото</td></tr><tr><th>Номер</th><td>16081</td></tr></table><br /><b class=""westra_passes""><a href='https://westra.ru/passes/Passes/16081'>Посмотреть подробнее в Каталоге</a></b>","POINT Z (47.17387 41.88611 0)"
"пер. (Тухуланих)","<table class=""westra_passes""><tr><th colspan='2'><h2><font color='#cc0000'>пер. (Тухуланих)</font></h2></th></tr><tr><th>Категория сложности</th><td></td></tr><tr><th>Высота</th><td>0</td></tr><tr><th>Характер склонов</th><td></td></tr><tr><th>Соединяет</th><td></td></tr><tr><th>Координаты WGS84</th><td>41&deg;&nbsp;55'&nbsp;17.98'' N<br />47&deg;&nbsp;&nbsp;&nbsp;9'&nbsp;44.53'' E</td></tr><tr><th>Номер</th><td>16082</td></tr></table><br /><b class=""westra_passes""><a href='https://westra.ru/passes/Passes/16082'>Посмотреть подробнее в Каталоге</a></b>","POINT Z (47.16237 41.92166 0)"
"пер. 3100","<table class=""westra_passes""><tr><th colspan='2'><h2><font color='#cc0000'>пер. 3100</font></h2></th></tr><tr><th>Другие названия</th><td>Таопин</td></tr><tr><th>Категория сложности</th><td>1А-1Б</td></tr><tr><th>Высота</th><td>3100</td></tr><tr><th>Характер склонов</th><td>ск-сн</td></tr><tr><th>Соединяет</th><td>ледн.Скеу, р.Скеу (р.Бзыбь) - р.Чамагвара (р.Бзыбь)</td></tr><tr><th>Координаты WGS84</th><td>43&deg;&nbsp;22'&nbsp;33.74'' N<br />41&deg;&nbsp;12'&nbsp;16.67'' E</td></tr><tr><th>Описаний</th><td>2, в т.ч. 2 технических, 1 с фото</td></tr><tr><th>Номер</th><td>11079</td></tr></table><br /><b class=""westra_passes""><a href='https://westra.ru/passes/Passes/11079'>Посмотреть подробнее в Каталоге</a></b>","POINT Z (41.204630555556 43.376038888889 0)"
"пер. 50 лет СССР","<table class=""westra_passes""><tr><th colspan='2'><h2><font color='#cc0000'>пер. 50 лет СССР</font></h2></th></tr><tr><th>Категория сложности</th><td>2А-3А</td></tr><tr><th>Высота</th><td>4240</td></tr><tr><th>Характер склонов</th><td>лд</td></tr><tr><th>Соединяет</th><td>лед.Суатиси - лед.Майли</td></tr><tr><th>Координаты WGS84</th><td>42&deg;&nbsp;42'&nbsp;49.8'' N<br />44&deg;&nbsp;28'&nbsp;&nbsp;&nbsp;3.14'' E</td></tr><tr><th>Описаний</th><td>6, в т.ч. 6 технических, 2 с фото</td></tr><tr><th>Номер</th><td>4006</td></tr></table><br /><b class=""westra_passes""><a href='https://westra.ru/passes/Passes/4006'>Посмотреть подробнее в Каталоге</a></b>","POINT Z (44.467539 42.713833 0)"
"пер. 7969","<table class=""westra_passes""><tr><th colspan='2'><h2><font color='#cc0000'>пер. 7969</font></h2></th></tr><tr><th>Категория сложности</th><td>1Б?</td></tr><tr><th>Высота</th><td>3450</td></tr><tr><th>Характер склонов</th><td></td></tr><tr><th>Соединяет</th><td></td></tr><tr><th>Координаты WGS84</th><td>43&deg;&nbsp;17'&nbsp;43.31'' N<br />42&deg;&nbsp;50'&nbsp;58.98'' E</td></tr><tr><th>Номер</th><td>7969</td></tr></table><br /><b class=""westra_passes""><a href='https://westra.ru/passes/Passes/7969'>Посмотреть подробнее в Каталоге</a></b>","POINT Z (42.8497159972 43.29536290719999 0)"
"пер. Авсанау","<table class=""westra_passes""><tr><th colspan='2'><h2><font color='#cc0000'>пер. Авсанау</font></h2></th></tr><tr><th>Категория сложности</th><td>н/к-1А</td></tr><tr><th>Высота</th><td>2900</td></tr><tr><th>Характер склонов</th><td>ос-сн</td></tr><tr><th>Соединяет</th><td>р.Гебидон - лед.Бартуй</td></tr><tr><th>Координаты WGS84</th><td>42&deg;&nbsp;50'&nbsp;56.55'' N<br />43&deg;&nbsp;37'&nbsp;31.88'' E</td></tr><tr><th>Описаний</th><td>22, в т.ч. 20 технических, 14 с фото</td></tr><tr><th>Номер</th><td>3777</td></tr></table><br /><b class=""westra_passes""><a href='https://westra.ru/passes/Passes/3777'>Посмотреть подробнее в Каталоге</a></b>","POINT Z (43.625521944444 42.849041111111 0)"
"пер. Айрыташ","<table class=""westra_passes""><tr><th colspan='2'><h2><font color='#cc0000'>пер. Айрыташ</font></h2></th></tr><tr><th>Категория сложности</th><td></td></tr><tr><th>Высота</th><td>3567</td></tr><tr><th>Характер склонов</th><td></td></tr><tr><th>Соединяет</th><td></td></tr><tr><th>Координаты WGS84</th><td>43&deg;&nbsp;22'&nbsp;40.75'' N<br />42&deg;&nbsp;48'&nbsp;10.31'' E</td></tr><tr><th>Номер</th><td>7542</td></tr></table><br /><b class=""westra_passes""><a href='https://westra.ru/passes/Passes/7542'>Посмотреть подробнее в Каталоге</a></b>","POINT Z (42.802865086 43.3779850439 0)"
"пер. Алексея Киселева","<table class=""westra_passes""><tr><th colspan='2'><h2><font color='#cc0000'>пер. Алексея Киселева</font></h2></th></tr><tr><th>Категория сложности</th><td></td></tr><tr><th>Высота</th><td>0</td></tr><tr><th>Характер склонов</th><td></td></tr><tr><th>Соединяет</th><td></td></tr><tr><th>Координаты WGS84</th><td>43&deg;&nbsp;11'&nbsp;13.32'' N<br />42&deg;&nbsp;52'&nbsp;18.54'' E</td></tr><tr><th>Описаний</th><td>2, в т.ч. 1 техническое, 2 с фото</td></tr><tr><th>Номер</th><td>15828</td></tr></table><br /><b class=""westra_passes""><a href='https://westra.ru/passes/Passes/15828'>Посмотреть подробнее в Каталоге</a></b>","POINT Z (42.871816666667 43.187033333333 0)"
"пер. Бурджула II","<table class=""westra_passes""><tr><th colspan='2'><h2><font color='#cc0000'>пер. Бурджула II</font></h2></th></tr><tr><th>Категория сложности</th><td>2Б-3А</td></tr><tr><th>Высота</th><td>3950</td></tr><tr><th>Характер склонов</th><td>ск-сн-лд</td></tr><tr><th>Соединяет</th><td>верхн.плато ледн.Караугом Зап. - ледн.Бурджула, р.Бурджула (р.Нацарули, р.Риони)</td></tr><tr><th>Координаты WGS84</th><td>42&deg;&nbsp;47'&nbsp;33.11'' N<br />43&deg;&nbsp;41'&nbsp;24.4'' E</td></tr><tr><th>Описаний</th><td>1 техническое,  с фото</td></tr><tr><th>Номер</th><td>13214</td></tr></table><br /><b class=""westra_passes""><a href='https://westra.ru/passes/Passes/13214'>Посмотреть подробнее в Каталоге</a></b>","POINT Z (43.69011 42.79253 0)"
"пер. Грыбза","<table class=""westra_passes""><tr><th colspan='2'><h2><font color='#cc0000'>пер. Грыбза</font></h2></th></tr><tr><th>Другие названия</th><td>Грибза</td></tr><tr><th>Категория сложности</th><td>1Б-2А</td></tr><tr><th>Высота</th><td>2800</td></tr><tr><th>Характер склонов</th><td>ск-лд</td></tr><tr><th>Соединяет</th><td>ледн.Абгецки, р.Санчара - р.Грыбза (р.Бзыбь)</td></tr><tr><th>Координаты WGS84</th><td>43&deg;&nbsp;25'&nbsp;54.68'' N<br />40&deg;&nbsp;59'&nbsp;43.74'' E</td></tr><tr><th>Описаний</th><td>2, в т.ч. 2 технических, 1 с фото</td></tr><tr><th>Номер</th><td>3363</td></tr></table><br /><b class=""westra_passes""><a href='https://westra.ru/passes/Passes/3363'>Посмотреть подробнее в Каталоге</a></b>","POINT Z (40.995483333333 43.431855555556 0)"
"пер. Гуличала Верхний","<table class=""westra_passes""><tr><th colspan='2'><h2><font color='#cc0000'>пер. Гуличала Верхний</font></h2></th></tr><tr><th>Категория сложности</th><td>1А-1Б</td></tr><tr><th>Высота</th><td>3250</td></tr><tr><th>Характер склонов</th><td>ос</td></tr><tr><th>Соединяет</th><td>р. Пишкэури - р. Гуличала</td></tr><tr><th>Координаты WGS84</th><td>43&deg;&nbsp;&nbsp;&nbsp;5'&nbsp;50.69'' N<br />42&deg;&nbsp;40'&nbsp;46.58'' E</td></tr><tr><th>Описаний</th><td>7, в т.ч. 7 технических, 6 с фото</td></tr><tr><th>Номер</th><td>10762</td></tr></table><br /><b class=""westra_passes""><a href='https://westra.ru/passes/Passes/10762'>Посмотреть подробнее в Каталоге</a></b>","POINT Z (42.679605555556 43.097413888889 0)"
"пер. Джвари Зап.","<table class=""westra_passes""><tr><th colspan='2'><h2><font color='#cc0000'>пер. Джвари Зап.</font></h2></th></tr><tr><th>Категория сложности</th><td></td></tr><tr><th>Высота</th><td>3700</td></tr><tr><th>Характер склонов</th><td></td></tr><tr><th>Соединяет</th><td></td></tr><tr><th>Координаты WGS84</th><td>42&deg;&nbsp;55'&nbsp;35.22'' N<br />42&deg;&nbsp;30'&nbsp;46.07'' E</td></tr><tr><th>Описаний</th><td>1 техническое,  с фото</td></tr><tr><th>Номер</th><td>12482</td></tr></table><br /><b class=""westra_passes""><a href='https://westra.ru/passes/Passes/12482'>Посмотреть подробнее в Каталоге</a></b>","POINT Z (42.512798 42.926451 0)"
"пер. Джикаугенкез","<table class=""westra_passes""><tr><th colspan='2'><h2><font color='#cc0000'>пер. Джикаугенкез</font></h2></th></tr><tr><th>Другие названия</th><td>Джикаугинкез, Чаткара</td></tr><tr><th>Категория сложности</th><td>1А-1Б</td></tr><tr><th>Высота</th><td>3520</td></tr><tr><th>Характер склонов</th><td>сн-ос</td></tr><tr><th>Соединяет</th><td>р. Субаши - снежная долина Джикаугенкез. Севернее в. Чаткара</td></tr><tr><th>Координаты WGS84</th><td>43&deg;&nbsp;21'&nbsp;12.24'' N<br />42&deg;&nbsp;33'&nbsp;38.58'' E</td></tr><tr><th>Описаний</th><td>41, в т.ч. 41 техническое, 35 с фото</td></tr><tr><th>Номер</th><td>3642</td></tr></table><br /><b class=""westra_passes""><a href='https://westra.ru/passes/Passes/3642'>Посмотреть подробнее в Каталоге</a></b>","POINT Z (42.560716666667 43.3534 0)"
"пер. Долонауки","<table class=""westra_passes""><tr><th colspan='2'><h2><font color='#cc0000'>пер. Долонауки</font></h2></th></tr><tr><th>Категория сложности</th><td></td></tr><tr><th>Высота</th><td>2472</td></tr><tr><th>Характер склонов</th><td></td></tr><tr><th>Соединяет</th><td></td></tr><tr><th>Координаты WGS84</th><td>42&deg;&nbsp;50'&nbsp;53.35'' N<br />42&deg;&nbsp;11'&nbsp;49.08'' E</td></tr><tr><th>Номер</th><td>12267</td></tr></table><br /><b class=""westra_passes""><a href='https://westra.ru/passes/Passes/12267'>Посмотреть подробнее в Каталоге</a></b>","POINT Z (42.196968 42.848153 0)"
"пер. Загедан","<table class=""westra_passes""><tr><th colspan='2'><h2><font color='#cc0000'>пер. Загедан</font></h2></th></tr><tr><th>Другие названия</th><td>Загеданский</td></tr><tr><th>Категория сложности</th><td>1А*-1Б</td></tr><tr><th>Высота</th><td>2780</td></tr><tr><th>Характер склонов</th><td>ск-ос</td></tr><tr><th>Соединяет</th><td>р.Ацгара Зап. (р.Ацгара, р.Уруп) - р.Загеданка (р.Бол.Лаба)</td></tr><tr><th>Координаты WGS84</th><td>43&deg;&nbsp;38'&nbsp;56.77'' N<br />40&deg;&nbsp;58'&nbsp;36.02'' E</td></tr><tr><th>Описаний</th><td>12, в т.ч. 9 технических, 9 с фото</td></tr><tr><th>Номер</th><td>3427</td></tr></table><br /><b class=""westra_passes""><a href='https://westra.ru/passes/Passes/3427'>Посмотреть подробнее в Каталоге</a></b>","POINT Z (40.976672222222 43.649102777778 0)"
"пер. Заповедный","<table class=""westra_passes""><tr><th colspan='2'><h2><font color='#cc0000'>пер. Заповедный</font></h2></th></tr><tr><th>Категория сложности</th><td>2А-2Б</td></tr><tr><th>Высота</th><td>3620</td></tr><tr><th>Характер склонов</th><td></td></tr><tr><th>Соединяет</th><td></td></tr><tr><th>Координаты WGS84</th><td>43&deg;&nbsp;10'&nbsp;&nbsp;&nbsp;7.7'' N<br />42&deg;&nbsp;57'&nbsp;18.46'' E</td></tr><tr><th>Описаний</th><td>2, в т.ч. 2 технических, 1 с фото</td></tr><tr><th>Номер</th><td>15211</td></tr></table><br /><b class=""westra_passes""><a href='https://westra.ru/passes/Passes/15211'>Посмотреть подробнее в Каталоге</a></b>","POINT Z (42.955127777778 43.168805555556 0)"
"пер. Зуpбаган","<table class=""westra_passes""><tr><th colspan='2'><h2><font color='#cc0000'>пер. Зуpбаган</font></h2></th></tr><tr><th>Категория сложности</th><td>н/к-1А</td></tr><tr><th>Высота</th><td>3522</td></tr><tr><th>Характер склонов</th><td>сн.-ос.</td></tr><tr><th>Соединяет</th><td>Оз.Сылтpанкель - p.КЫЗГЕН (впадающую в p.Баксан в пос.Веpх.Кызген)
</td></tr><tr><th>Координаты WGS84</th><td>43&deg;&nbsp;19'&nbsp;&nbsp;&nbsp;0.05'' N<br />42&deg;&nbsp;40'&nbsp;28.02'' E</td></tr><tr><th>Описаний</th><td>4, в т.ч. 4 технических, 3 с фото</td></tr><tr><th>Номер</th><td>6437</td></tr></table><br /><b class=""westra_passes""><a href='https://westra.ru/passes/Passes/6437'>Посмотреть подробнее в Каталоге</a></b>","POINT Z (42.6744498019 43.3166812296 0)"
"пер. Казбекский","<table class=""westra_passes""><tr><th colspan='2'><h2><font color='#cc0000'>пер. Казбекский</font></h2></th></tr><tr><th>Категория сложности</th><td>2Б-3А</td></tr><tr><th>Высота</th><td>4377</td></tr><tr><th>Характер склонов</th><td></td></tr><tr><th>Соединяет</th><td>лед.Гергетский - лед.Чач</td></tr><tr><th>Координаты WGS84</th><td>42&deg;&nbsp;42'&nbsp;&nbsp;&nbsp;0.69'' N<br />44&deg;&nbsp;30'&nbsp;&nbsp;&nbsp;8.67'' E</td></tr><tr><th>Описаний</th><td>5, в т.ч. 5 технических, 3 с фото</td></tr><tr><th>Номер</th><td>3987</td></tr></table><br /><b class=""westra_passes""><a href='https://westra.ru/passes/Passes/3987'>Посмотреть подробнее в Каталоге</a></b>","POINT Z (44.502407 42.700191 0)"
"пер. Каласирт","<table class=""westra_passes""><tr><th colspan='2'><h2><font color='#cc0000'>пер. Каласирт</font></h2></th></tr><tr><th>Категория сложности</th><td>1А-1Б</td></tr><tr><th>Высота</th><td>3350</td></tr><tr><th>Характер склонов</th><td>ск-ос</td></tr><tr><th>Соединяет</th><td>д.р. Карасу и д.р.Лькези (лев.приток р.Карасу)</td></tr><tr><th>Координаты WGS84</th><td>42&deg;&nbsp;55'&nbsp;&nbsp;&nbsp;9.62'' N<br />43&deg;&nbsp;22'&nbsp;54.59'' E</td></tr><tr><th>Описаний</th><td>1 техническое,  с фото</td></tr><tr><th>Номер</th><td>16074</td></tr></table><br /><b class=""westra_passes""><a href='https://westra.ru/passes/Passes/16074'>Посмотреть подробнее в Каталоге</a></b>","POINT Z (43.38183 42.91934 0)"
"пер. Кара-баши","<table class=""westra_passes""><tr><th colspan='2'><h2><font color='#cc0000'>пер. Кара-баши</font></h2></th></tr><tr><th>Другие названия</th><td>Карабаши</td></tr><tr><th>Категория сложности</th><td>2А-2Б</td></tr><tr><th>Высота</th><td>3450</td></tr><tr><th>Характер склонов</th><td>ск</td></tr><tr><th>Соединяет</th><td>в северном отроге ГКХ (хребет Куршо), между вершинами ДКГТ (южнее Пирамиды) и Карабаши. Соединяет верховья рек Ак-Тебе и Мырды</td></tr><tr><th>Координаты WGS84</th><td>43&deg;&nbsp;13'&nbsp;37.8'' N<br />42&deg;&nbsp;&nbsp;&nbsp;6'&nbsp;27.6'' E</td></tr><tr><th>Описаний</th><td>4, в т.ч. 4 технических, 1 с фото</td></tr><tr><th>Номер</th><td>82</td></tr></table><br /><b class=""westra_passes""><a href='https://westra.ru/passes/Passes/82'>Посмотреть подробнее в Каталоге</a></b>","POINT Z (42.107666666667 43.227166666667 0)"
"пер. Кармадон С.","<table class=""westra_passes""><tr><th colspan='2'><h2><font color='#cc0000'>пер. Кармадон С.</font></h2></th></tr><tr><th>Категория сложности</th><td>2А-3А</td></tr><tr><th>Высота</th><td>3820</td></tr><tr><th>Характер склонов</th><td>ос-ск-лд</td></tr><tr><th>Соединяет</th><td>р.Амалидон - р.Кармадон</td></tr><tr><th>Координаты WGS84</th><td>42&deg;&nbsp;44'&nbsp;43.91'' N<br />44&deg;&nbsp;30'&nbsp;31.63'' E</td></tr><tr><th>Описаний</th><td>3, в т.ч. 2 технических, 1 с фото</td></tr><tr><th>Номер</th><td>3989</td></tr></table><br /><b class=""westra_passes""><a href='https://westra.ru/passes/Passes/3989'>Посмотреть подробнее в Каталоге</a></b>","POINT Z (44.5087856428 42.74553076359999 0)"
"пер. Кельчад","<table class=""westra_passes""><tr><th colspan='2'><h2><font color='#cc0000'>пер. Кельчад</font></h2></th></tr><tr><th>Другие названия</th><td>Кель-чат, Кельчат</td></tr><tr><th>Категория сложности</th><td>н/к-1А</td></tr><tr><th>Высота</th><td>3180</td></tr><tr><th>Характер склонов</th><td>тр-ос</td></tr><tr><th>Соединяет</th><td>верховья р.Малый Колчад и верховья правого притока р.Кынгырчат (притоки Аксаута)</td></tr><tr><th>Координаты WGS84</th><td>43&deg;&nbsp;31'&nbsp;&nbsp;&nbsp;8.57'' N<br />41&deg;&nbsp;38'&nbsp;49.11'' E</td></tr><tr><th>Описаний</th><td>1 техническое,  с фото</td></tr><tr><th>Номер</th><td>217</td></tr></table><br /><b class=""westra_passes""><a href='https://westra.ru/passes/Passes/217'>Посмотреть подробнее в Каталоге</a></b>","POINT Z (41.646975 43.519047222222 0)"
"пер. Керанзы Водораздельный","<table class=""westra_passes""><tr><th colspan='2'><h2><font color='#cc0000'>пер. Керанзы Водораздельный</font></h2></th></tr><tr><th>Категория сложности</th><td>1А-1Б</td></tr><tr><th>Высота</th><td>3200</td></tr><tr><th>Характер склонов</th><td></td></tr><tr><th>Соединяет</th><td></td></tr><tr><th>Координаты WGS84</th><td>43&deg;&nbsp;24'&nbsp;10.12'' N<br />42&deg;&nbsp;38'&nbsp;58.79'' E</td></tr><tr><th>Номер</th><td>7566</td></tr></table><br /><b class=""westra_passes""><a href='https://westra.ru/passes/Passes/7566'>Посмотреть подробнее в Каталоге</a></b>","POINT Z (42.6496641659 43.4028123195 0)"
"пер. Кестанты","<table class=""westra_passes""><tr><th colspan='2'><h2><font color='#cc0000'>пер. Кестанты</font></h2></th></tr><tr><th>Категория сложности</th><td>1Б-2А</td></tr><tr><th>Высота</th><td>3950</td></tr><tr><th>Характер склонов</th><td>ск-ос</td></tr><tr><th>Соединяет</th><td>ледн. Кестанты (д.р. Кестанты) - ледн. Каярта зап,
в хребте Адырсу, южнее в. Килар</td></tr><tr><th>Координаты WGS84</th><td>43&deg;&nbsp;16'&nbsp;56.46'' N<br />42&deg;&nbsp;56'&nbsp;15.5'' E</td></tr><tr><th>Описаний</th><td>1 техническое,  с фото</td></tr><tr><th>Номер</th><td>15829</td></tr></table><br /><b class=""westra_passes""><a href='https://westra.ru/passes/Passes/15829'>Посмотреть подробнее в Каталоге</a></b>","POINT Z (42.93764 43.28235 0)"
"пер. Киселева","<table class=""westra_passes""><tr><th colspan='2'><h2><font color='#cc0000'>пер. Киселева</font></h2></th></tr><tr><th>Другие названия</th><td>Кисилева</td></tr><tr><th>Категория сложности</th><td>2А-2Б</td></tr><tr><th>Высота</th><td>3700</td></tr><tr><th>Характер склонов</th><td></td></tr><tr><th>Соединяет</th><td></td></tr><tr><th>Координаты WGS84</th><td>43&deg;&nbsp;13'&nbsp;36.88'' N<br />42&deg;&nbsp;44'&nbsp;58.38'' E</td></tr><tr><th>Описаний</th><td>1 техническое,  с фото</td></tr><tr><th>Номер</th><td>15830</td></tr></table><br /><b class=""westra_passes""><a href='https://westra.ru/passes/Passes/15830'>Посмотреть подробнее в Каталоге</a></b>","POINT Z (42.74955 43.22691 0)"
"пер. Кишкит Верхний","<table class=""westra_passes""><tr><th colspan='2'><h2><font color='#cc0000'>пер. Кишкит Верхний</font></h2></th></tr><tr><th>Категория сложности</th><td>1А?</td></tr><tr><th>Высота</th><td>3030</td></tr><tr><th>Характер склонов</th><td>тр-ос</td></tr><tr><th>Соединяет</th><td>р.Кишкит (р.Аксаут) - р.Кынгырчад (р.Аксаут)</td></tr><tr><th>Координаты WGS84</th><td>43&deg;&nbsp;31'&nbsp;18'' N<br />41&deg;&nbsp;39'&nbsp;42.74'' E</td></tr><tr><th>Номер</th><td>15466</td></tr></table><br /><b class=""westra_passes""><a href='https://westra.ru/passes/Passes/15466'>Посмотреть подробнее в Каталоге</a></b>","POINT Z (41.661872222222 43.521666666667 0)"
"пер. Комлагат Зап.","<table class=""westra_passes""><tr><th colspan='2'><h2><font color='#cc0000'>пер. Комлагат Зап.</font></h2></th></tr><tr><th>Категория сложности</th><td></td></tr><tr><th>Высота</th><td>3600</td></tr><tr><th>Характер склонов</th><td></td></tr><tr><th>Соединяет</th><td></td></tr><tr><th>Координаты WGS84</th><td>42&deg;&nbsp;44'&nbsp;&nbsp;&nbsp;4.14'' N<br />44&deg;&nbsp;&nbsp;&nbsp;5'&nbsp;&nbsp;&nbsp;3.3'' E</td></tr><tr><th>Описаний</th><td>1 техническое,  с фото</td></tr><tr><th>Номер</th><td>15479</td></tr></table><br /><b class=""westra_passes""><a href='https://westra.ru/passes/Passes/15479'>Посмотреть подробнее в Каталоге</a></b>","POINT Z (44.08425 42.734483333333 0)"
"пер. Кюкюртлю Южный","<table class=""westra_passes""><tr><th colspan='2'><h2><font color='#cc0000'>пер. Кюкюртлю Южный</font></h2></th></tr><tr><th>Категория сложности</th><td>1А-1Б</td></tr><tr><th>Высота</th><td>3669</td></tr><tr><th>Характер склонов</th><td>сн.-ос.</td></tr><tr><th>Соединяет</th><td>верховья р. Кюкюртлю (Уллухурзук) и верховья долины Акбаши</td></tr><tr><th>Координаты WGS84</th><td>43&deg;&nbsp;19'&nbsp;47.7'' N<br />42&deg;&nbsp;21'&nbsp;24.2'' E</td></tr><tr><th>Описаний</th><td>10, в т.ч. 9 технических, 8 с фото</td></tr><tr><th>Номер</th><td>7134</td></tr></table><br /><b class=""westra_passes""><a href='https://westra.ru/passes/Passes/7134'>Посмотреть подробнее в Каталоге</a></b>","POINT Z (42.356722222222 43.329916666667 0)"
"пер. МИФИ","<table class=""westra_passes""><tr><th colspan='2'><h2><font color='#cc0000'>пер. МИФИ</font></h2></th></tr><tr><th>Другие названия</th><td>Каури-Фар</td></tr><tr><th>Категория сложности</th><td></td></tr><tr><th>Высота</th><td>3170</td></tr><tr><th>Характер склонов</th><td></td></tr><tr><th>Соединяет</th><td></td></tr><tr><th>Координаты WGS84</th><td>42&deg;&nbsp;46'&nbsp;51.5'' N<br />44&deg;&nbsp;32'&nbsp;42.6'' E</td></tr><tr><th>Номер</th><td>8703</td></tr></table><br /><b class=""westra_passes""><a href='https://westra.ru/passes/Passes/8703'>Посмотреть подробнее в Каталоге</a></b>","POINT Z (44.5451660356 42.7809734786 0)"
"пер. Московской Олимпиады","<table class=""westra_passes""><tr><th colspan='2'><h2><font color='#cc0000'>пер. Московской Олимпиады</font></h2></th></tr><tr><th>Категория сложности</th><td>2Б*-3А</td></tr><tr><th>Высота</th><td>3400</td></tr><tr><th>Характер склонов</th><td>сн-лд</td></tr><tr><th>Соединяет</th><td>лед. Чалаат (ниже верхнего ледопада) - лед. Лекзыр (Зап. ветвь).</td></tr><tr><th>Координаты WGS84</th><td>43&deg;&nbsp;&nbsp;&nbsp;9'&nbsp;&nbsp;&nbsp;3.1'' N<br />42&deg;&nbsp;42'&nbsp;36.95'' E</td></tr><tr><th>Номер</th><td>10774</td></tr></table><br /><b class=""westra_passes""><a href='https://westra.ru/passes/Passes/10774'>Посмотреть подробнее в Каталоге</a></b>","POINT Z (42.710263888889 43.150861111111 0)"
"пер. Надозерный","<table class=""westra_passes""><tr><th colspan='2'><h2><font color='#cc0000'>пер. Надозерный</font></h2></th></tr><tr><th>Другие названия</th><td>Сказка Кавказа</td></tr><tr><th>Категория сложности</th><td>н/к-1А</td></tr><tr><th>Высота</th><td>2620</td></tr><tr><th>Характер склонов</th><td>тр-ск-ос</td></tr><tr><th>Соединяет</th><td>Западный и восточный истоки р. Малая Дукка </td></tr><tr><th>Координаты WGS84</th><td>43&deg;&nbsp;31'&nbsp;36.63'' N<br />41&deg;&nbsp;&nbsp;&nbsp;2'&nbsp;59.48'' E</td></tr><tr><th>Описаний</th><td>1 с фото</td></tr><tr><th>Номер</th><td>12333</td></tr></table><br /><b class=""westra_passes""><a href='https://westra.ru/passes/Passes/12333'>Посмотреть подробнее в Каталоге</a></b>","POINT Z (41.049855555556 43.526841666667 0)"
"пер. Озерковый","<table class=""westra_passes""><tr><th colspan='2'><h2><font color='#cc0000'>пер. Озерковый</font></h2></th></tr><tr><th>Другие названия</th><td>Цадивцег</td></tr><tr><th>Категория сложности</th><td>1Б-2А</td></tr><tr><th>Высота</th><td>3600</td></tr><tr><th>Характер склонов</th><td>сн</td></tr><tr><th>Соединяет</th><td>лед.Хареска (р.Фастаг-дон) - лед.Иська (р.Караугом)</td></tr><tr><th>Координаты WGS84</th><td>42&deg;&nbsp;50'&nbsp;15.66'' N<br />43&deg;&nbsp;39'&nbsp;57.54'' E</td></tr><tr><th>Описаний</th><td>4, в т.ч. 4 технических, 2 с фото</td></tr><tr><th>Номер</th><td>3806</td></tr></table><br /><b class=""westra_passes""><a href='https://westra.ru/passes/Passes/3806'>Посмотреть подробнее в Каталоге</a></b>","POINT Z (43.665983333333 42.837683333333 0)"
"пер. Окаре","<table class=""westra_passes""><tr><th colspan='2'><h2><font color='#cc0000'>пер. Окаре</font></h2></th></tr><tr><th>Категория сложности</th><td></td></tr><tr><th>Высота</th><td>2756</td></tr><tr><th>Характер склонов</th><td></td></tr><tr><th>Соединяет</th><td></td></tr><tr><th>Координаты WGS84</th><td>42&deg;&nbsp;45'&nbsp;23.12'' N<br />42&deg;&nbsp;13'&nbsp;27.26'' E</td></tr><tr><th>Номер</th><td>12277</td></tr></table><br /><b class=""westra_passes""><a href='https://westra.ru/passes/Passes/12277'>Посмотреть подробнее в Каталоге</a></b>","POINT Z (42.224238 42.756422 0)"
"пер. Окно","<table class=""westra_passes""><tr><th colspan='2'><h2><font color='#cc0000'>пер. Окно</font></h2></th></tr><tr><th>Другие названия</th><td>Сквозной</td></tr><tr><th>Категория сложности</th><td>1А-1Б</td></tr><tr><th>Высота</th><td>3076</td></tr><tr><th>Характер склонов</th><td>сн-ос</td></tr><tr><th>Соединяет</th><td>долина Сулахат - лед. Двуязычный </td></tr><tr><th>Координаты WGS84</th><td>43&deg;&nbsp;18'&nbsp;34.67'' N<br />41&deg;&nbsp;31'&nbsp;23.56'' E</td></tr><tr><th>Описаний</th><td>4 технических,  с фото</td></tr><tr><th>Номер</th><td>14615</td></tr></table><br /><b class=""westra_passes""><a href='https://westra.ru/passes/Passes/14615'>Посмотреть подробнее в Каталоге</a></b>","POINT Z (41.52321 43.30963 0)"
"пер. Пинеск","<table class=""westra_passes""><tr><th colspan='2'><h2><font color='#cc0000'>пер. Пинеск</font></h2></th></tr><tr><th>Другие названия</th><td>Липецкий</td></tr><tr><th>Категория сложности</th><td></td></tr><tr><th>Высота</th><td>0</td></tr><tr><th>Характер склонов</th><td></td></tr><tr><th>Соединяет</th><td>р.Гнилая (р.София, р.Зеленчук Бол.) - р.Гаммеш-Чат (р.София, р.Зеленчук Бол.) </td></tr><tr><th>Координаты WGS84</th><td>43&deg;&nbsp;28'&nbsp;16.6'' N<br />41&deg;&nbsp;13'&nbsp;&nbsp;&nbsp;1.4'' E</td></tr><tr><th>Номер</th><td>16226</td></tr></table><br /><b class=""westra_passes""><a href='https://westra.ru/passes/Passes/16226'>Посмотреть подробнее в Каталоге</a></b>","POINT Z (41.217055555556 43.471277777778 0)"
"пер. Продольный","<table class=""westra_passes""><tr><th colspan='2'><h2><font color='#cc0000'>пер. Продольный</font></h2></th></tr><tr><th>Категория сложности</th><td>н/к-1А</td></tr><tr><th>Высота</th><td>3150</td></tr><tr><th>Характер склонов</th><td>ск-ос</td></tr><tr><th>Соединяет</th><td>поляна Нахашбита, р.Орсдон (р.Урух) - р.Галдоридон (р.Урух)</td></tr><tr><th>Координаты WGS84</th><td>42&deg;&nbsp;56'&nbsp;&nbsp;&nbsp;6.16'' N<br />43&deg;&nbsp;30'&nbsp;35.26'' E</td></tr><tr><th>Описаний</th><td>1 техническое,  с фото</td></tr><tr><th>Номер</th><td>15534</td></tr></table><br /><b class=""westra_passes""><a href='https://westra.ru/passes/Passes/15534'>Посмотреть подробнее в Каталоге</a></b>","POINT Z (43.509794444444 42.935044444444 0)"
"пер. Реси Ю.","<table class=""westra_passes""><tr><th colspan='2'><h2><font color='#cc0000'>пер. Реси Ю.</font></h2></th></tr><tr><th>Категория сложности</th><td>1Б-2А</td></tr><tr><th>Высота</th><td>3606</td></tr><tr><th>Характер склонов</th><td>сн-ос</td></tr><tr><th>Соединяет</th><td>р. Дзамараш - р. Ресикомдон</td></tr><tr><th>Координаты WGS84</th><td>42&deg;&nbsp;43'&nbsp;18.47'' N<br />44&deg;&nbsp;18'&nbsp;49.36'' E</td></tr><tr><th>Описаний</th><td>1 техническое,  с фото</td></tr><tr><th>Номер</th><td>7159</td></tr></table><br /><b class=""westra_passes""><a href='https://westra.ru/passes/Passes/7159'>Посмотреть подробнее в Каталоге</a></b>","POINT Z (44.3137104328 42.7217973617 0)"
"пер. Сабалык-Тютю","<table class=""westra_passes""><tr><th colspan='2'><h2><font color='#cc0000'>пер. Сабалык-Тютю</font></h2></th></tr><tr><th>Категория сложности</th><td>2Б?</td></tr><tr><th>Высота</th><td>3500</td></tr><tr><th>Характер склонов</th><td></td></tr><tr><th>Соединяет</th><td></td></tr><tr><th>Координаты WGS84</th><td>43&deg;&nbsp;17'&nbsp;19.18'' N<br />42&deg;&nbsp;51'&nbsp;23.97'' E</td></tr><tr><th>Номер</th><td>7968</td></tr></table><br /><b class=""westra_passes""><a href='https://westra.ru/passes/Passes/7968'>Посмотреть подробнее в Каталоге</a></b>","POINT Z (42.8566577747 43.2886619678 0)"
"пер. Салай Ниж.","<table class=""westra_passes""><tr><th colspan='2'><h2><font color='#cc0000'>пер. Салай Ниж.</font></h2></th></tr><tr><th>Категория сложности</th><td>1Б?</td></tr><tr><th>Высота</th><td>3500</td></tr><tr><th>Характер склонов</th><td></td></tr><tr><th>Соединяет</th><td></td></tr><tr><th>Координаты WGS84</th><td>42&deg;&nbsp;44'&nbsp;11.37'' N<br />44&deg;&nbsp;11'&nbsp;13.95'' E</td></tr><tr><th>Номер</th><td>8639</td></tr></table><br /><b class=""westra_passes""><a href='https://westra.ru/passes/Passes/8639'>Посмотреть подробнее в Каталоге</a></b>","POINT Z (44.18720943579999 42.73649135 0)"
"пер. Сацхено","<table class=""westra_passes""><tr><th colspan='2'><h2><font color='#cc0000'>пер. Сацхено</font></h2></th></tr><tr><th>Категория сложности</th><td></td></tr><tr><th>Высота</th><td>2630</td></tr><tr><th>Характер склонов</th><td></td></tr><tr><th>Соединяет</th><td></td></tr><tr><th>Координаты WGS84</th><td>42&deg;&nbsp;45'&nbsp;21.16'' N<br />42&deg;&nbsp;16'&nbsp;30.57'' E</td></tr><tr><th>Номер</th><td>12280</td></tr></table><br /><b class=""westra_passes""><a href='https://westra.ru/passes/Passes/12280'>Посмотреть подробнее в Каталоге</a></b>","POINT Z (42.275159 42.755879 0)"
"пер. Солнечный","<table class=""westra_passes""><tr><th colspan='2'><h2><font color='#cc0000'>пер. Солнечный</font></h2></th></tr><tr><th>Категория сложности</th><td>1А-1Б</td></tr><tr><th>Высота</th><td>3300</td></tr><tr><th>Характер склонов</th><td>тр.-ос.</td></tr><tr><th>Соединяет</th><td>р.Учкуланичи - р.Ножу (р.Учкулан)</td></tr><tr><th>Координаты WGS84</th><td>43&deg;&nbsp;19'&nbsp;39.12'' N<br />42&deg;&nbsp;&nbsp;&nbsp;3'&nbsp;55.38'' E</td></tr><tr><th>Описаний</th><td>7, в т.ч. 6 технических, 4 с фото</td></tr><tr><th>Номер</th><td>6472</td></tr></table><br /><b class=""westra_passes""><a href='https://westra.ru/passes/Passes/6472'>Посмотреть подробнее в Каталоге</a></b>","POINT Z (42.06538333330001 43.3275333333 0)"
"пер. Суган Зап.","<table class=""westra_passes""><tr><th colspan='2'><h2><font color='#cc0000'>пер. Суган Зап.</font></h2></th></tr><tr><th>Категория сложности</th><td>1Б?</td></tr><tr><th>Высота</th><td>3375</td></tr><tr><th>Характер склонов</th><td></td></tr><tr><th>Соединяет</th><td>р.Рцывашки - лед.С. Суган</td></tr><tr><th>Координаты WGS84</th><td>43&deg;&nbsp;&nbsp;&nbsp;0'&nbsp;&nbsp;&nbsp;6.77'' N<br />43&deg;&nbsp;26'&nbsp;34.43'' E</td></tr><tr><th>Описаний</th><td>2, в т.ч. 1 техническое, 1 с фото</td></tr><tr><th>Номер</th><td>15486</td></tr></table><br /><b class=""westra_passes""><a href='https://westra.ru/passes/Passes/15486'>Посмотреть подробнее в Каталоге</a></b>","POINT Z (43.442897222222 43.001880555556 0)"
"пер. Таклик западный","<table class=""westra_passes""><tr><th colspan='2'><h2><font color='#cc0000'>пер. Таклик западный</font></h2></th></tr><tr><th>Категория сложности</th><td></td></tr><tr><th>Высота</th><td>0</td></tr><tr><th>Характер склонов</th><td></td></tr><tr><th>Соединяет</th><td></td></tr><tr><th>Координаты WGS84</th><td>41&deg;&nbsp;54'&nbsp;16.85'' N<br />46&deg;&nbsp;49'&nbsp;&nbsp;&nbsp;3.54'' E</td></tr><tr><th>Номер</th><td>16114</td></tr></table><br /><b class=""westra_passes""><a href='https://westra.ru/passes/Passes/16114'>Посмотреть подробнее в Каталоге</a></b>","POINT Z (46.81765 41.90468 0)"
"пер. Таклик северный","<table class=""westra_passes""><tr><th colspan='2'><h2><font color='#cc0000'>пер. Таклик северный</font></h2></th></tr><tr><th>Категория сложности</th><td></td></tr><tr><th>Высота</th><td>3680</td></tr><tr><th>Характер склонов</th><td></td></tr><tr><th>Соединяет</th><td></td></tr><tr><th>Координаты WGS84</th><td>41&deg;&nbsp;55'&nbsp;25.18'' N<br />46&deg;&nbsp;49'&nbsp;26.83'' E</td></tr><tr><th>Описаний</th><td>1 с фото</td></tr><tr><th>Номер</th><td>16110</td></tr></table><br /><b class=""westra_passes""><a href='https://westra.ru/passes/Passes/16110'>Посмотреть подробнее в Каталоге</a></b>","POINT Z (46.82411999999999 41.92366 0)"
"пер. Теп З.","<table class=""westra_passes""><tr><th colspan='2'><h2><font color='#cc0000'>пер. Теп З.</font></h2></th></tr><tr><th>Категория сложности</th><td>2А-2Б</td></tr><tr><th>Высота</th><td>3732</td></tr><tr><th>Характер склонов</th><td>лд-ос</td></tr><tr><th>Соединяет</th><td>лед.Мидаграбин - лед.Теп</td></tr><tr><th>Координаты WGS84</th><td>42&deg;&nbsp;42'&nbsp;49.55'' N<br />44&deg;&nbsp;21'&nbsp;27.11'' E</td></tr><tr><th>Описаний</th><td>2 технических</td></tr><tr><th>Номер</th><td>4022</td></tr></table><br /><b class=""westra_passes""><a href='https://westra.ru/passes/Passes/4022'>Посмотреть подробнее в Каталоге</a></b>","POINT Z (44.3575315125 42.7137631447 0)"
"пер. Тренировочный","<table class=""westra_passes""><tr><th colspan='2'><h2><font color='#cc0000'>пер. Тренировочный</font></h2></th></tr><tr><th>Категория сложности</th><td>1Б-2А</td></tr><tr><th>Высота</th><td>3485</td></tr><tr><th>Характер склонов</th><td></td></tr><tr><th>Соединяет</th><td></td></tr><tr><th>Координаты WGS84</th><td>43&deg;&nbsp;19'&nbsp;30.92'' N<br />42&deg;&nbsp;33'&nbsp;&nbsp;&nbsp;4.01'' E</td></tr><tr><th>Описаний</th><td>1 техническое,  с фото</td></tr><tr><th>Номер</th><td>7537</td></tr></table><br /><b class=""westra_passes""><a href='https://westra.ru/passes/Passes/7537'>Посмотреть подробнее в Каталоге</a></b>","POINT Z (42.551114866 43.3252555418 0)"
"пер. Турист","<table class=""westra_passes""><tr><th colspan='2'><h2><font color='#cc0000'>пер. Турист</font></h2></th></tr><tr><th>Категория сложности</th><td>1А-1Б</td></tr><tr><th>Высота</th><td>2815</td></tr><tr><th>Характер склонов</th><td></td></tr><tr><th>Соединяет</th><td></td></tr><tr><th>Координаты WGS84</th><td>43&deg;&nbsp;35'&nbsp;51.4'' N<br />40&deg;&nbsp;36'&nbsp;&nbsp;&nbsp;8.12'' E</td></tr><tr><th>Описаний</th><td>1 упоминание</td></tr><tr><th>Номер</th><td>7344</td></tr></table><br /><b class=""westra_passes""><a href='https://westra.ru/passes/Passes/7344'>Посмотреть подробнее в Каталоге</a></b>","POINT Z (40.602256388889 43.597611388889 0)"
"пер. Уруп-Загеданский","<table class=""westra_passes""><tr><th colspan='2'><h2><font color='#cc0000'>пер. Уруп-Загеданский</font></h2></th></tr><tr><th>Категория сложности</th><td>н/к-1А</td></tr><tr><th>Высота</th><td>2800</td></tr><tr><th>Характер склонов</th><td>тр-ос</td></tr><tr><th>Соединяет</th><td> верховья реки Уруп с долиной реки Загеданка.</td></tr><tr><th>Координаты WGS84</th><td>43&deg;&nbsp;40'&nbsp;17.08'' N<br />40&deg;&nbsp;56'&nbsp;29.69'' E</td></tr><tr><th>Описаний</th><td>3 технических,  с фото</td></tr><tr><th>Номер</th><td>15400</td></tr></table><br /><b class=""westra_passes""><a href='https://westra.ru/passes/Passes/15400'>Посмотреть подробнее в Каталоге</a></b>","POINT Z (40.94158 43.67141 0)"
"пер. Уруштен Ю.","<table class=""westra_passes""><tr><th colspan='2'><h2><font color='#cc0000'>пер. Уруштен Ю.</font></h2></th></tr><tr><th>Категория сложности</th><td>1А-1Б</td></tr><tr><th>Высота</th><td>2830</td></tr><tr><th>Характер склонов</th><td></td></tr><tr><th>Соединяет</th><td></td></tr><tr><th>Координаты WGS84</th><td>43&deg;&nbsp;47'&nbsp;58.97'' N<br />40&deg;&nbsp;22'&nbsp;47.58'' E</td></tr><tr><th>Описаний</th><td>1 упоминание</td></tr><tr><th>Номер</th><td>7346</td></tr></table><br /><b class=""westra_passes""><a href='https://westra.ru/passes/Passes/7346'>Посмотреть подробнее в Каталоге</a></b>","POINT Z (40.379884166667 43.799714722222 0)"
"пер. Усмаркал","<table class=""westra_passes""><tr><th colspan='2'><h2><font color='#cc0000'>пер. Усмаркал</font></h2></th></tr><tr><th>Категория сложности</th><td></td></tr><tr><th>Высота</th><td>0</td></tr><tr><th>Характер склонов</th><td></td></tr><tr><th>Соединяет</th><td>р.Каралазургер, р.Цемарор</td></tr><tr><th>Координаты WGS84</th><td>42&deg;&nbsp;&nbsp;&nbsp;7'&nbsp;48.31'' N<br />46&deg;&nbsp;37'&nbsp;53.91'' E</td></tr><tr><th>Номер</th><td>15838</td></tr></table><br /><b class=""westra_passes""><a href='https://westra.ru/passes/Passes/15838'>Посмотреть подробнее в Каталоге</a></b>","POINT Z (46.631641666667 42.130086111111 0)"
"пер. Фрегат Паллада","<table class=""westra_passes""><tr><th colspan='2'><h2><font color='#cc0000'>пер. Фрегат Паллада</font></h2></th></tr><tr><th>Категория сложности</th><td>2Б-3А</td></tr><tr><th>Высота</th><td>3930</td></tr><tr><th>Характер склонов</th><td>ск-сн-лд</td></tr><tr><th>Соединяет</th><td>южнее в.Ахсу, лед.Ахсу. Пройден при восхождении на в.Ахсу.</td></tr><tr><th>Координаты WGS84</th><td>42&deg;&nbsp;59'&nbsp;&nbsp;&nbsp;4.56'' N<br />43&deg;&nbsp;23'&nbsp;15.32'' E</td></tr><tr><th>Описаний</th><td>2 технических,  с фото</td></tr><tr><th>Номер</th><td>14631</td></tr></table><br /><b class=""westra_passes""><a href='https://westra.ru/passes/Passes/14631'>Посмотреть подробнее в Каталоге</a></b>","POINT Z (43.387588333333 42.9846 0)"
"пер. Хасанхой-сюрюльген","<table class=""westra_passes""><tr><th colspan='2'><h2><font color='#cc0000'>пер. Хасанхой-сюрюльген</font></h2></th></tr><tr><th>Другие названия</th><td>Хасанхой-сюрюльген Южный</td></tr><tr><th>Категория сложности</th><td>1А-1Б</td></tr><tr><th>Высота</th><td>3450</td></tr><tr><th>Характер склонов</th><td>ос-лд</td></tr><tr><th>Соединяет</th><td>р.Уллуозень - лед.Б.Азау - р.Азау</td></tr><tr><th>Координаты WGS84</th><td>43&deg;&nbsp;16'&nbsp;41.09'' N<br />42&deg;&nbsp;24'&nbsp;37.62'' E</td></tr><tr><th>Описаний</th><td>2 технических</td></tr><tr><th>Номер</th><td>3649</td></tr></table><br /><b class=""westra_passes""><a href='https://westra.ru/passes/Passes/3649'>Посмотреть подробнее в Каталоге</a></b>","POINT Z (42.41045 43.27808 0)"
"пер. Хвост Дракона Верхний","<table class=""westra_passes""><tr><th colspan='2'><h2><font color='#cc0000'>пер. Хвост Дракона Верхний</font></h2></th></tr><tr><th>Категория сложности</th><td>1Б-2А</td></tr><tr><th>Высота</th><td>3800</td></tr><tr><th>Характер склонов</th><td></td></tr><tr><th>Соединяет</th><td></td></tr><tr><th>Координаты WGS84</th><td>43&deg;&nbsp;14'&nbsp;23.17'' N<br />42&deg;&nbsp;52'&nbsp;34.38'' E</td></tr><tr><th>Номер</th><td>7980</td></tr></table><br /><b class=""westra_passes""><a href='https://westra.ru/passes/Passes/7980'>Посмотреть подробнее в Каталоге</a></b>","POINT Z (42.8762170717 43.2397694328 0)"
"пер. Хотютау Ложный","<table class=""westra_passes""><tr><th colspan='2'><h2><font color='#cc0000'>пер. Хотютау Ложный</font></h2></th></tr><tr><th>Категория сложности</th><td>1А-1Б</td></tr><tr><th>Высота</th><td>3600</td></tr><tr><th>Характер склонов</th><td>лд-ос</td></tr><tr><th>Соединяет</th><td>д.р. Уллу-Кам - плато Хотю-Тау</td></tr><tr><th>Координаты WGS84</th><td>43&deg;&nbsp;18'&nbsp;&nbsp;&nbsp;9.68'' N<br />42&deg;&nbsp;24'&nbsp;&nbsp;&nbsp;5.81'' E</td></tr><tr><th>Описаний</th><td>1 техническое,  с фото</td></tr><tr><th>Номер</th><td>6917</td></tr></table><br /><b class=""westra_passes""><a href='https://westra.ru/passes/Passes/6917'>Посмотреть подробнее в Каталоге</a></b>","POINT Z (42.40161388889999 43.3026888889 0)"
"пер. Цац","<table class=""westra_passes""><tr><th colspan='2'><h2><font color='#cc0000'>пер. Цац</font></h2></th></tr><tr><th>Категория сложности</th><td></td></tr><tr><th>Высота</th><td>0</td></tr><tr><th>Характер склонов</th><td></td></tr><tr><th>Соединяет</th><td></td></tr><tr><th>Координаты WGS84</th><td>41&deg;&nbsp;51'&nbsp;53.24'' N<br />46&deg;&nbsp;55'&nbsp;&nbsp;&nbsp;6.06'' E</td></tr><tr><th>Описаний</th><td>1 с фото</td></tr><tr><th>Номер</th><td>16097</td></tr></table><br /><b class=""westra_passes""><a href='https://westra.ru/passes/Passes/16097'>Посмотреть подробнее в Каталоге</a></b>","POINT Z (46.91835 41.86479 0)"
"пер. Челмас-Камышсу","<table class=""westra_passes""><tr><th colspan='2'><h2><font color='#cc0000'>пер. Челмас-Камышсу</font></h2></th></tr><tr><th>Категория сложности</th><td>1Б?</td></tr><tr><th>Высота</th><td>3200</td></tr><tr><th>Характер склонов</th><td></td></tr><tr><th>Соединяет</th><td></td></tr><tr><th>Координаты WGS84</th><td>43&deg;&nbsp;17'&nbsp;23.12'' N<br />42&deg;&nbsp;48'&nbsp;46.58'' E</td></tr><tr><th>Номер</th><td>7961</td></tr></table><br /><b class=""westra_passes""><a href='https://westra.ru/passes/Passes/7961'>Посмотреть подробнее в Каталоге</a></b>","POINT Z (42.8129399941 43.2897546401 0)"
"пер. Челмас-Сабалык-2","<table class=""westra_passes""><tr><th colspan='2'><h2><font color='#cc0000'>пер. Челмас-Сабалык-2</font></h2></th></tr><tr><th>Категория сложности</th><td>2А?</td></tr><tr><th>Высота</th><td>3300</td></tr><tr><th>Характер склонов</th><td></td></tr><tr><th>Соединяет</th><td></td></tr><tr><th>Координаты WGS84</th><td>43&deg;&nbsp;17'&nbsp;36.1'' N<br />42&deg;&nbsp;49'&nbsp;39.4'' E</td></tr><tr><th>Номер</th><td>7963</td></tr></table><br /><b class=""westra_passes""><a href='https://westra.ru/passes/Passes/7963'>Посмотреть подробнее в Каталоге</a></b>","POINT Z (42.8276119383 43.2933620475 0)"
"пер. Чилик Ложный","<table class=""westra_passes""><tr><th colspan='2'><h2><font color='#cc0000'>пер. Чилик Ложный</font></h2></th></tr><tr><th>Категория сложности</th><td></td></tr><tr><th>Высота</th><td>3013</td></tr><tr><th>Характер склонов</th><td></td></tr><tr><th>Соединяет</th><td>р.Чилик (р.Кяфар) - р.Речепста (р.Архыз)</td></tr><tr><th>Координаты WGS84</th><td>43&deg;&nbsp;37'&nbsp;18.41'' N<br />41&deg;&nbsp;&nbsp;&nbsp;4'&nbsp;39.66'' E</td></tr><tr><th>Описаний</th><td>2, в т.ч. 1 техническое, 2 с фото</td></tr><tr><th>Номер</th><td>10964</td></tr></table><br /><b class=""westra_passes""><a href='https://westra.ru/passes/Passes/10964'>Посмотреть подробнее в Каталоге</a></b>","POINT Z (41.077683333333 43.62178055555599 0)"
"пер. Чотчат","<table class=""westra_passes""><tr><th colspan='2'><h2><font color='#cc0000'>пер. Чотчат</font></h2></th></tr><tr><th>Другие названия</th><td>Черный</td></tr><tr><th>Категория сложности</th><td>2Б-3А</td></tr><tr><th>Высота</th><td>3613</td></tr><tr><th>Характер склонов</th><td></td></tr><tr><th>Соединяет</th><td></td></tr><tr><th>Координаты WGS84</th><td>43&deg;&nbsp;12'&nbsp;11.22'' N<br />42&deg;&nbsp;46'&nbsp;36.06'' E</td></tr><tr><th>Описаний</th><td>2, в т.ч. 1 техническое, 2 с фото</td></tr><tr><th>Номер</th><td>14656</td></tr></table><br /><b class=""westra_passes""><a href='https://westra.ru/passes/Passes/14656'>Посмотреть подробнее в Каталоге</a></b>","POINT Z (42.776683333333 43.203116666667 0)"
"пер. Чыгыш-Кобиек Ниж.","<table class=""westra_passes""><tr><th colspan='2'><h2><font color='#cc0000'>пер. Чыгыш-Кобиек Ниж.</font></h2></th></tr><tr><th>Категория сложности</th><td></td></tr><tr><th>Высота</th><td>2803</td></tr><tr><th>Характер склонов</th><td></td></tr><tr><th>Соединяет</th><td></td></tr><tr><th>Координаты WGS84</th><td>43&deg;&nbsp;21'&nbsp;57.78'' N<br />42&deg;&nbsp;13'&nbsp;34.54'' E</td></tr><tr><th>Номер</th><td>7519</td></tr></table><br /><b class=""westra_passes""><a href='https://westra.ru/passes/Passes/7519'>Посмотреть подробнее в Каталоге</a></b>","POINT Z (42.226261666667 43.366048888889 0)"
"пер. Чыгышкол","<table class=""westra_passes""><tr><th colspan='2'><h2><font color='#cc0000'>пер. Чыгышкол</font></h2></th></tr><tr><th>Категория сложности</th><td></td></tr><tr><th>Высота</th><td>0</td></tr><tr><th>Характер склонов</th><td></td></tr><tr><th>Соединяет</th><td></td></tr><tr><th>Координаты WGS84</th><td>43&deg;&nbsp;21'&nbsp;42.08'' N<br />42&deg;&nbsp;15'&nbsp;28.26'' E</td></tr><tr><th>Номер</th><td>7515</td></tr></table><br /><b class=""westra_passes""><a href='https://westra.ru/passes/Passes/7515'>Посмотреть подробнее в Каталоге</a></b>","POINT Z (42.257849722222 43.361688333333 0)"
"пер. Эльдыр","<table class=""westra_passes""><tr><th colspan='2'><h2><font color='#cc0000'>пер. Эльдыр</font></h2></th></tr><tr><th>Категория сложности</th><td>1Б-2А</td></tr><tr><th>Высота</th><td>3420</td></tr><tr><th>Характер склонов</th><td>сн</td></tr><tr><th>Соединяет</th><td>лед.В. Таймази - лед.Гебицете</td></tr><tr><th>Координаты WGS84</th><td>42&deg;&nbsp;51'&nbsp;25.31'' N<br />43&deg;&nbsp;35'&nbsp;27.13'' E</td></tr><tr><th>Описаний</th><td>10, в т.ч. 10 технических, 6 с фото</td></tr><tr><th>Номер</th><td>3830</td></tr></table><br /><b class=""westra_passes""><a href='https://westra.ru/passes/Passes/3830'>Посмотреть подробнее в Каталоге</a></b>","POINT Z (43.59087 42.85703 0)"
"пер. Эрцог Южн.","<table class=""westra_passes""><tr><th colspan='2'><h2><font color='#cc0000'>пер. Эрцог Южн.</font></h2></th></tr><tr><th>Категория сложности</th><td>2А-2Б</td></tr><tr><th>Высота</th><td>3500</td></tr><tr><th>Характер склонов</th><td>ск-лд-ос</td></tr><tr><th>Соединяет</th><td>в южном отроге в.Эрцог. Самостоятельного значения не имеет</td></tr><tr><th>Координаты WGS84</th><td>43&deg;&nbsp;16'&nbsp;26.24'' N<br />41&deg;&nbsp;30'&nbsp;39.54'' E</td></tr><tr><th>Описаний</th><td>1 техническое,  с фото</td></tr><tr><th>Номер</th><td>15183</td></tr></table><br /><b class=""westra_passes""><a href='https://westra.ru/passes/Passes/15183'>Посмотреть подробнее в Каталоге</a></b>","POINT Z (41.510983333333 43.273955555556 0)"
